{"cameraMode":{"drawMode":0,"name":"Shaded","section":"Shading Mode"},"sceneLighting":true,"audioPlay":false,"sceneViewState":{"m_AlwaysRefresh":false,"showFog":true,"showSkybox":true,"showFlares":true,"showImageEffects":true,"showParticleSystems":true,"showVisualEffectGraphs":true,"m_FxEnabled":true},"in2DMode":false,"pivot":{"x":0.37155869603157046,"y":0.8725277185440064,"z":5.502896308898926},"rotation":{"x":0.0005956541863270104,"y":0.9968138933181763,"z":0.0074762338772416119,"w":-0.07941405475139618},"size":12.080636978149414,"orthographic":false}